{
  "rows": 266,
  "train_rows": 199,
  "test_rows": 67,
  "label_counts": {
    "CONFIRMS": 78,
    "CONTRADICTS": 103,
    "EXTENDS": 73,
    "NEW_RULE": 12
  },
  "accuracy": 0.5522388059701493,
  "macro_f1": 0.5126400438900438,
  "classification_report": {
    "CONFIRMS": {
      "precision": 0.4642857142857143,
      "recall": 0.65,
      "f1-score": 0.5416666666666666,
      "support": 20.0
    },
    "CONTRADICTS": {
      "precision": 0.8,
      "recall": 0.3076923076923077,
      "f1-score": 0.4444444444444444,
      "support": 26.0
    },
    "EXTENDS": {
      "precision": 0.7368421052631579,
      "recall": 0.7777777777777778,
      "f1-score": 0.7567567567567568,
      "support": 18.0
    },
    "NEW_RULE": {
      "precision": 0.2,
      "recall": 0.6666666666666666,
      "f1-score": 0.3076923076923077,
      "support": 3.0
    },
    "accuracy": 0.5522388059701493,
    "macro avg": {
      "precision": 0.5502819548872181,
      "recall": 0.600534188034188,
      "f1-score": 0.5126400438900438,
      "support": 67.0
    },
    "weighted avg": {
      "precision": 0.6559533161261363,
      "recall": 0.5522388059701493,
      "f1-score": 0.5512475736356333,
      "support": 67.0
    }
  },
  "confusion_matrix": [
    [
      13,
      1,
      3,
      3
    ],
    [
      13,
      8,
      2,
      3
    ],
    [
      1,
      1,
      14,
      2
    ],
    [
      1,
      0,
      0,
      2
    ]
  ],
  "labels": [
    "CONFIRMS",
    "CONTRADICTS",
    "EXTENDS",
    "NEW_RULE"
  ]
}